차례,연구 분야,키워드
1,역사적 연구,역사
2,철학적 연구,철학
3,미학적 연구,미학
4,심리학적 연구,심리
5,사회학적 연구,사회
6,음악과 교육과정,교육과정
7,음악과 교육과정의 내용체계,내용
8,음악 교과서,교과서
9,다문화 교육,다문화
10,인성 교육,인성
11,융합교육,융합
12,역량,역량
13,유아 음악 교수 학습방법,유아
14,유아 음악 교수 학습방법,유치원
15,초등 음악 교수 학습방법,초등
16,초등 음악 교수 학습방법,초등학교
17,중등 음악 교수 학습방법,중등
18,중등 음악 교수 학습방법,중학교
19,국악 교수 학습방법,국악
20,디지털,디지털
21,심리검사,심리검사
22,음악과 수행 및 성취 평가,수행
23,음악과 수행 및 성취 평가,성취
24,음악과 수행 및 성취 평가,수행평가
25,음악과 수행 및 성취 평가,성취도
26,음악과 교육과정 평가기준 개발,평가
27,음악과 교육과정 평가기준 개발,평가기준
28,교사 전문성과 교사교육,교사
29,음악영재 교육,영재
30,통합음악교육,통합
31,대학 음악교육,대학
32,평생음악교육,평생
33,직업 진로,직업
34,직업 진로,진로
35,음악치료,음악치료
